DateKey,Date,Year,Month,MonthName,Quarter,QuarterLabel,FiscalWeekKey,WeekOfYear,DayOfWeek,IsWeekStart
20240101,2024-01-01,2024,1,January,1,Q1 2024,2024-01-01,1,1,1
20240102,2024-01-02,2024,1,January,1,Q1 2024,2024-01-01,1,2,0
20240103,2024-01-03,2024,1,January,1,Q1 2024,2024-01-01,1,3,0
20240104,2024-01-04,2024,1,January,1,Q1 2024,2024-01-01,1,4,0
20240105,2024-01-05,2024,1,January,1,Q1 2024,2024-01-01,1,5,0
20240106,2024-01-06,2024,1,January,1,Q1 2024,2024-01-01,1,6,0
20240107,2024-01-07,2024,1,January,1,Q1 2024,2024-01-01,1,7,0
20240108,2024-01-08,2024,1,January,1,Q1 2024,2024-01-08,2,1,1
20240109,2024-01-09,2024,1,January,1,Q1 2024,2024-01-08,2,2,0
20240110,2024-01-10,2024,1,January,1,Q1 2024,2024-01-08,2,3,0
20240111,2024-01-11,2024,1,January,1,Q1 2024,2024-01-08,2,4,0
20240112,2024-01-12,2024,1,January,1,Q1 2024,2024-01-08,2,5,0
20240113,2024-01-13,2024,1,January,1,Q1 2024,2024-01-08,2,6,0
20240114,2024-01-14,2024,1,January,1,Q1 2024,2024-01-08,2,7,0
20240115,2024-01-15,2024,1,January,1,Q1 2024,2024-01-15,3,1,1
20240116,2024-01-16,2024,1,January,1,Q1 2024,2024-01-15,3,2,0
20240117,2024-01-17,2024,1,January,1,Q1 2024,2024-01-15,3,3,0
20240118,2024-01-18,2024,1,January,1,Q1 2024,2024-01-15,3,4,0
20240119,2024-01-19,2024,1,January,1,Q1 2024,2024-01-15,3,5,0
20240120,2024-01-20,2024,1,January,1,Q1 2024,2024-01-15,3,6,0
20240121,2024-01-21,2024,1,January,1,Q1 2024,2024-01-15,3,7,0
20240122,2024-01-22,2024,1,January,1,Q1 2024,2024-01-22,4,1,1
20240123,2024-01-23,2024,1,January,1,Q1 2024,2024-01-22,4,2,0
20240124,2024-01-24,2024,1,January,1,Q1 2024,2024-01-22,4,3,0
20240125,2024-01-25,2024,1,January,1,Q1 2024,2024-01-22,4,4,0
20240126,2024-01-26,2024,1,January,1,Q1 2024,2024-01-22,4,5,0
20240127,2024-01-27,2024,1,January,1,Q1 2024,2024-01-22,4,6,0
20240128,2024-01-28,2024,1,January,1,Q1 2024,2024-01-22,4,7,0
20240129,2024-01-29,2024,1,January,1,Q1 2024,2024-01-29,5,1,1
20240130,2024-01-30,2024,1,January,1,Q1 2024,2024-01-29,5,2,0
20240131,2024-01-31,2024,1,January,1,Q1 2024,2024-01-29,5,3,0
20240201,2024-02-01,2024,2,February,1,Q1 2024,2024-01-29,5,4,0
20240202,2024-02-02,2024,2,February,1,Q1 2024,2024-01-29,5,5,0
20240203,2024-02-03,2024,2,February,1,Q1 2024,2024-01-29,5,6,0
20240204,2024-02-04,2024,2,February,1,Q1 2024,2024-01-29,5,7,0
20240205,2024-02-05,2024,2,February,1,Q1 2024,2024-02-05,6,1,1
20240206,2024-02-06,2024,2,February,1,Q1 2024,2024-02-05,6,2,0
20240207,2024-02-07,2024,2,February,1,Q1 2024,2024-02-05,6,3,0
20240208,2024-02-08,2024,2,February,1,Q1 2024,2024-02-05,6,4,0
20240209,2024-02-09,2024,2,February,1,Q1 2024,2024-02-05,6,5,0
20240210,2024-02-10,2024,2,February,1,Q1 2024,2024-02-05,6,6,0
20240211,2024-02-11,2024,2,February,1,Q1 2024,2024-02-05,6,7,0
20240212,2024-02-12,2024,2,February,1,Q1 2024,2024-02-12,7,1,1
20240213,2024-02-13,2024,2,February,1,Q1 2024,2024-02-12,7,2,0
20240214,2024-02-14,2024,2,February,1,Q1 2024,2024-02-12,7,3,0
20240215,2024-02-15,2024,2,February,1,Q1 2024,2024-02-12,7,4,0
20240216,2024-02-16,2024,2,February,1,Q1 2024,2024-02-12,7,5,0
20240217,2024-02-17,2024,2,February,1,Q1 2024,2024-02-12,7,6,0
20240218,2024-02-18,2024,2,February,1,Q1 2024,2024-02-12,7,7,0
20240219,2024-02-19,2024,2,February,1,Q1 2024,2024-02-19,8,1,1
20240220,2024-02-20,2024,2,February,1,Q1 2024,2024-02-19,8,2,0
20240221,2024-02-21,2024,2,February,1,Q1 2024,2024-02-19,8,3,0
20240222,2024-02-22,2024,2,February,1,Q1 2024,2024-02-19,8,4,0
20240223,2024-02-23,2024,2,February,1,Q1 2024,2024-02-19,8,5,0
20240224,2024-02-24,2024,2,February,1,Q1 2024,2024-02-19,8,6,0
20240225,2024-02-25,2024,2,February,1,Q1 2024,2024-02-19,8,7,0
20240226,2024-02-26,2024,2,February,1,Q1 2024,2024-02-26,9,1,1
20240227,2024-02-27,2024,2,February,1,Q1 2024,2024-02-26,9,2,0
20240228,2024-02-28,2024,2,February,1,Q1 2024,2024-02-26,9,3,0
20240229,2024-02-29,2024,2,February,1,Q1 2024,2024-02-26,9,4,0
20240301,2024-03-01,2024,3,March,1,Q1 2024,2024-02-26,9,5,0
20240302,2024-03-02,2024,3,March,1,Q1 2024,2024-02-26,9,6,0
20240303,2024-03-03,2024,3,March,1,Q1 2024,2024-02-26,9,7,0
20240304,2024-03-04,2024,3,March,1,Q1 2024,2024-03-04,10,1,1
20240305,2024-03-05,2024,3,March,1,Q1 2024,2024-03-04,10,2,0
20240306,2024-03-06,2024,3,March,1,Q1 2024,2024-03-04,10,3,0
20240307,2024-03-07,2024,3,March,1,Q1 2024,2024-03-04,10,4,0
20240308,2024-03-08,2024,3,March,1,Q1 2024,2024-03-04,10,5,0
20240309,2024-03-09,2024,3,March,1,Q1 2024,2024-03-04,10,6,0
20240310,2024-03-10,2024,3,March,1,Q1 2024,2024-03-04,10,7,0
20240311,2024-03-11,2024,3,March,1,Q1 2024,2024-03-11,11,1,1
20240312,2024-03-12,2024,3,March,1,Q1 2024,2024-03-11,11,2,0
20240313,2024-03-13,2024,3,March,1,Q1 2024,2024-03-11,11,3,0
20240314,2024-03-14,2024,3,March,1,Q1 2024,2024-03-11,11,4,0
20240315,2024-03-15,2024,3,March,1,Q1 2024,2024-03-11,11,5,0
20240316,2024-03-16,2024,3,March,1,Q1 2024,2024-03-11,11,6,0
20240317,2024-03-17,2024,3,March,1,Q1 2024,2024-03-11,11,7,0
20240318,2024-03-18,2024,3,March,1,Q1 2024,2024-03-18,12,1,1
20240319,2024-03-19,2024,3,March,1,Q1 2024,2024-03-18,12,2,0
20240320,2024-03-20,2024,3,March,1,Q1 2024,2024-03-18,12,3,0
20240321,2024-03-21,2024,3,March,1,Q1 2024,2024-03-18,12,4,0
20240322,2024-03-22,2024,3,March,1,Q1 2024,2024-03-18,12,5,0
20240323,2024-03-23,2024,3,March,1,Q1 2024,2024-03-18,12,6,0
20240324,2024-03-24,2024,3,March,1,Q1 2024,2024-03-18,12,7,0
20240325,2024-03-25,2024,3,March,1,Q1 2024,2024-03-25,13,1,1
20240326,2024-03-26,2024,3,March,1,Q1 2024,2024-03-25,13,2,0
20240327,2024-03-27,2024,3,March,1,Q1 2024,2024-03-25,13,3,0
20240328,2024-03-28,2024,3,March,1,Q1 2024,2024-03-25,13,4,0
20240329,2024-03-29,2024,3,March,1,Q1 2024,2024-03-25,13,5,0
20240330,2024-03-30,2024,3,March,1,Q1 2024,2024-03-25,13,6,0
20240331,2024-03-31,2024,3,March,1,Q1 2024,2024-03-25,13,7,0
20240401,2024-04-01,2024,4,April,2,Q2 2024,2024-04-01,14,1,1
20240402,2024-04-02,2024,4,April,2,Q2 2024,2024-04-01,14,2,0
20240403,2024-04-03,2024,4,April,2,Q2 2024,2024-04-01,14,3,0
20240404,2024-04-04,2024,4,April,2,Q2 2024,2024-04-01,14,4,0
20240405,2024-04-05,2024,4,April,2,Q2 2024,2024-04-01,14,5,0
20240406,2024-04-06,2024,4,April,2,Q2 2024,2024-04-01,14,6,0
20240407,2024-04-07,2024,4,April,2,Q2 2024,2024-04-01,14,7,0
20240408,2024-04-08,2024,4,April,2,Q2 2024,2024-04-08,15,1,1
20240409,2024-04-09,2024,4,April,2,Q2 2024,2024-04-08,15,2,0
20240410,2024-04-10,2024,4,April,2,Q2 2024,2024-04-08,15,3,0
20240411,2024-04-11,2024,4,April,2,Q2 2024,2024-04-08,15,4,0
20240412,2024-04-12,2024,4,April,2,Q2 2024,2024-04-08,15,5,0
20240413,2024-04-13,2024,4,April,2,Q2 2024,2024-04-08,15,6,0
20240414,2024-04-14,2024,4,April,2,Q2 2024,2024-04-08,15,7,0
20240415,2024-04-15,2024,4,April,2,Q2 2024,2024-04-15,16,1,1
20240416,2024-04-16,2024,4,April,2,Q2 2024,2024-04-15,16,2,0
20240417,2024-04-17,2024,4,April,2,Q2 2024,2024-04-15,16,3,0
20240418,2024-04-18,2024,4,April,2,Q2 2024,2024-04-15,16,4,0
20240419,2024-04-19,2024,4,April,2,Q2 2024,2024-04-15,16,5,0
20240420,2024-04-20,2024,4,April,2,Q2 2024,2024-04-15,16,6,0
20240421,2024-04-21,2024,4,April,2,Q2 2024,2024-04-15,16,7,0
20240422,2024-04-22,2024,4,April,2,Q2 2024,2024-04-22,17,1,1
20240423,2024-04-23,2024,4,April,2,Q2 2024,2024-04-22,17,2,0
20240424,2024-04-24,2024,4,April,2,Q2 2024,2024-04-22,17,3,0
20240425,2024-04-25,2024,4,April,2,Q2 2024,2024-04-22,17,4,0
20240426,2024-04-26,2024,4,April,2,Q2 2024,2024-04-22,17,5,0
20240427,2024-04-27,2024,4,April,2,Q2 2024,2024-04-22,17,6,0
20240428,2024-04-28,2024,4,April,2,Q2 2024,2024-04-22,17,7,0
20240429,2024-04-29,2024,4,April,2,Q2 2024,2024-04-29,18,1,1
20240430,2024-04-30,2024,4,April,2,Q2 2024,2024-04-29,18,2,0
20240501,2024-05-01,2024,5,May,2,Q2 2024,2024-04-29,18,3,0
20240502,2024-05-02,2024,5,May,2,Q2 2024,2024-04-29,18,4,0
20240503,2024-05-03,2024,5,May,2,Q2 2024,2024-04-29,18,5,0
20240504,2024-05-04,2024,5,May,2,Q2 2024,2024-04-29,18,6,0
20240505,2024-05-05,2024,5,May,2,Q2 2024,2024-04-29,18,7,0
20240506,2024-05-06,2024,5,May,2,Q2 2024,2024-05-06,19,1,1
20240507,2024-05-07,2024,5,May,2,Q2 2024,2024-05-06,19,2,0
20240508,2024-05-08,2024,5,May,2,Q2 2024,2024-05-06,19,3,0
20240509,2024-05-09,2024,5,May,2,Q2 2024,2024-05-06,19,4,0
20240510,2024-05-10,2024,5,May,2,Q2 2024,2024-05-06,19,5,0
20240511,2024-05-11,2024,5,May,2,Q2 2024,2024-05-06,19,6,0
20240512,2024-05-12,2024,5,May,2,Q2 2024,2024-05-06,19,7,0
20240513,2024-05-13,2024,5,May,2,Q2 2024,2024-05-13,20,1,1
20240514,2024-05-14,2024,5,May,2,Q2 2024,2024-05-13,20,2,0
20240515,2024-05-15,2024,5,May,2,Q2 2024,2024-05-13,20,3,0
20240516,2024-05-16,2024,5,May,2,Q2 2024,2024-05-13,20,4,0
20240517,2024-05-17,2024,5,May,2,Q2 2024,2024-05-13,20,5,0
20240518,2024-05-18,2024,5,May,2,Q2 2024,2024-05-13,20,6,0
20240519,2024-05-19,2024,5,May,2,Q2 2024,2024-05-13,20,7,0
20240520,2024-05-20,2024,5,May,2,Q2 2024,2024-05-20,21,1,1
20240521,2024-05-21,2024,5,May,2,Q2 2024,2024-05-20,21,2,0
20240522,2024-05-22,2024,5,May,2,Q2 2024,2024-05-20,21,3,0
20240523,2024-05-23,2024,5,May,2,Q2 2024,2024-05-20,21,4,0
20240524,2024-05-24,2024,5,May,2,Q2 2024,2024-05-20,21,5,0
20240525,2024-05-25,2024,5,May,2,Q2 2024,2024-05-20,21,6,0
20240526,2024-05-26,2024,5,May,2,Q2 2024,2024-05-20,21,7,0
20240527,2024-05-27,2024,5,May,2,Q2 2024,2024-05-27,22,1,1
20240528,2024-05-28,2024,5,May,2,Q2 2024,2024-05-27,22,2,0
20240529,2024-05-29,2024,5,May,2,Q2 2024,2024-05-27,22,3,0
20240530,2024-05-30,2024,5,May,2,Q2 2024,2024-05-27,22,4,0
20240531,2024-05-31,2024,5,May,2,Q2 2024,2024-05-27,22,5,0
20240601,2024-06-01,2024,6,June,2,Q2 2024,2024-05-27,22,6,0
20240602,2024-06-02,2024,6,June,2,Q2 2024,2024-05-27,22,7,0
20240603,2024-06-03,2024,6,June,2,Q2 2024,2024-06-03,23,1,1
20240604,2024-06-04,2024,6,June,2,Q2 2024,2024-06-03,23,2,0
20240605,2024-06-05,2024,6,June,2,Q2 2024,2024-06-03,23,3,0
20240606,2024-06-06,2024,6,June,2,Q2 2024,2024-06-03,23,4,0
20240607,2024-06-07,2024,6,June,2,Q2 2024,2024-06-03,23,5,0
20240608,2024-06-08,2024,6,June,2,Q2 2024,2024-06-03,23,6,0
20240609,2024-06-09,2024,6,June,2,Q2 2024,2024-06-03,23,7,0
20240610,2024-06-10,2024,6,June,2,Q2 2024,2024-06-10,24,1,1
20240611,2024-06-11,2024,6,June,2,Q2 2024,2024-06-10,24,2,0
20240612,2024-06-12,2024,6,June,2,Q2 2024,2024-06-10,24,3,0
20240613,2024-06-13,2024,6,June,2,Q2 2024,2024-06-10,24,4,0
20240614,2024-06-14,2024,6,June,2,Q2 2024,2024-06-10,24,5,0
20240615,2024-06-15,2024,6,June,2,Q2 2024,2024-06-10,24,6,0
20240616,2024-06-16,2024,6,June,2,Q2 2024,2024-06-10,24,7,0
20240617,2024-06-17,2024,6,June,2,Q2 2024,2024-06-17,25,1,1
20240618,2024-06-18,2024,6,June,2,Q2 2024,2024-06-17,25,2,0
20240619,2024-06-19,2024,6,June,2,Q2 2024,2024-06-17,25,3,0
20240620,2024-06-20,2024,6,June,2,Q2 2024,2024-06-17,25,4,0
20240621,2024-06-21,2024,6,June,2,Q2 2024,2024-06-17,25,5,0
20240622,2024-06-22,2024,6,June,2,Q2 2024,2024-06-17,25,6,0
20240623,2024-06-23,2024,6,June,2,Q2 2024,2024-06-17,25,7,0
20240624,2024-06-24,2024,6,June,2,Q2 2024,2024-06-24,26,1,1
20240625,2024-06-25,2024,6,June,2,Q2 2024,2024-06-24,26,2,0
20240626,2024-06-26,2024,6,June,2,Q2 2024,2024-06-24,26,3,0
20240627,2024-06-27,2024,6,June,2,Q2 2024,2024-06-24,26,4,0
20240628,2024-06-28,2024,6,June,2,Q2 2024,2024-06-24,26,5,0
20240629,2024-06-29,2024,6,June,2,Q2 2024,2024-06-24,26,6,0
20240630,2024-06-30,2024,6,June,2,Q2 2024,2024-06-24,26,7,0
20240701,2024-07-01,2024,7,July,3,Q3 2024,2024-07-01,27,1,1
20240702,2024-07-02,2024,7,July,3,Q3 2024,2024-07-01,27,2,0
20240703,2024-07-03,2024,7,July,3,Q3 2024,2024-07-01,27,3,0
20240704,2024-07-04,2024,7,July,3,Q3 2024,2024-07-01,27,4,0
20240705,2024-07-05,2024,7,July,3,Q3 2024,2024-07-01,27,5,0
20240706,2024-07-06,2024,7,July,3,Q3 2024,2024-07-01,27,6,0
20240707,2024-07-07,2024,7,July,3,Q3 2024,2024-07-01,27,7,0
20240708,2024-07-08,2024,7,July,3,Q3 2024,2024-07-08,28,1,1
20240709,2024-07-09,2024,7,July,3,Q3 2024,2024-07-08,28,2,0
20240710,2024-07-10,2024,7,July,3,Q3 2024,2024-07-08,28,3,0
20240711,2024-07-11,2024,7,July,3,Q3 2024,2024-07-08,28,4,0
20240712,2024-07-12,2024,7,July,3,Q3 2024,2024-07-08,28,5,0
20240713,2024-07-13,2024,7,July,3,Q3 2024,2024-07-08,28,6,0
20240714,2024-07-14,2024,7,July,3,Q3 2024,2024-07-08,28,7,0
20240715,2024-07-15,2024,7,July,3,Q3 2024,2024-07-15,29,1,1
20240716,2024-07-16,2024,7,July,3,Q3 2024,2024-07-15,29,2,0
20240717,2024-07-17,2024,7,July,3,Q3 2024,2024-07-15,29,3,0
20240718,2024-07-18,2024,7,July,3,Q3 2024,2024-07-15,29,4,0
20240719,2024-07-19,2024,7,July,3,Q3 2024,2024-07-15,29,5,0
20240720,2024-07-20,2024,7,July,3,Q3 2024,2024-07-15,29,6,0
20240721,2024-07-21,2024,7,July,3,Q3 2024,2024-07-15,29,7,0
20240722,2024-07-22,2024,7,July,3,Q3 2024,2024-07-22,30,1,1
20240723,2024-07-23,2024,7,July,3,Q3 2024,2024-07-22,30,2,0
20240724,2024-07-24,2024,7,July,3,Q3 2024,2024-07-22,30,3,0
20240725,2024-07-25,2024,7,July,3,Q3 2024,2024-07-22,30,4,0
20240726,2024-07-26,2024,7,July,3,Q3 2024,2024-07-22,30,5,0
20240727,2024-07-27,2024,7,July,3,Q3 2024,2024-07-22,30,6,0
20240728,2024-07-28,2024,7,July,3,Q3 2024,2024-07-22,30,7,0
20240729,2024-07-29,2024,7,July,3,Q3 2024,2024-07-29,31,1,1
20240730,2024-07-30,2024,7,July,3,Q3 2024,2024-07-29,31,2,0
20240731,2024-07-31,2024,7,July,3,Q3 2024,2024-07-29,31,3,0
20240801,2024-08-01,2024,8,August,3,Q3 2024,2024-07-29,31,4,0
20240802,2024-08-02,2024,8,August,3,Q3 2024,2024-07-29,31,5,0
20240803,2024-08-03,2024,8,August,3,Q3 2024,2024-07-29,31,6,0
20240804,2024-08-04,2024,8,August,3,Q3 2024,2024-07-29,31,7,0
20240805,2024-08-05,2024,8,August,3,Q3 2024,2024-08-05,32,1,1
20240806,2024-08-06,2024,8,August,3,Q3 2024,2024-08-05,32,2,0
20240807,2024-08-07,2024,8,August,3,Q3 2024,2024-08-05,32,3,0
20240808,2024-08-08,2024,8,August,3,Q3 2024,2024-08-05,32,4,0
20240809,2024-08-09,2024,8,August,3,Q3 2024,2024-08-05,32,5,0
20240810,2024-08-10,2024,8,August,3,Q3 2024,2024-08-05,32,6,0
20240811,2024-08-11,2024,8,August,3,Q3 2024,2024-08-05,32,7,0
20240812,2024-08-12,2024,8,August,3,Q3 2024,2024-08-12,33,1,1
20240813,2024-08-13,2024,8,August,3,Q3 2024,2024-08-12,33,2,0
20240814,2024-08-14,2024,8,August,3,Q3 2024,2024-08-12,33,3,0
20240815,2024-08-15,2024,8,August,3,Q3 2024,2024-08-12,33,4,0
20240816,2024-08-16,2024,8,August,3,Q3 2024,2024-08-12,33,5,0
20240817,2024-08-17,2024,8,August,3,Q3 2024,2024-08-12,33,6,0
20240818,2024-08-18,2024,8,August,3,Q3 2024,2024-08-12,33,7,0
20240819,2024-08-19,2024,8,August,3,Q3 2024,2024-08-19,34,1,1
20240820,2024-08-20,2024,8,August,3,Q3 2024,2024-08-19,34,2,0
20240821,2024-08-21,2024,8,August,3,Q3 2024,2024-08-19,34,3,0
20240822,2024-08-22,2024,8,August,3,Q3 2024,2024-08-19,34,4,0
20240823,2024-08-23,2024,8,August,3,Q3 2024,2024-08-19,34,5,0
20240824,2024-08-24,2024,8,August,3,Q3 2024,2024-08-19,34,6,0
20240825,2024-08-25,2024,8,August,3,Q3 2024,2024-08-19,34,7,0
20240826,2024-08-26,2024,8,August,3,Q3 2024,2024-08-26,35,1,1
20240827,2024-08-27,2024,8,August,3,Q3 2024,2024-08-26,35,2,0
20240828,2024-08-28,2024,8,August,3,Q3 2024,2024-08-26,35,3,0
20240829,2024-08-29,2024,8,August,3,Q3 2024,2024-08-26,35,4,0
20240830,2024-08-30,2024,8,August,3,Q3 2024,2024-08-26,35,5,0
20240831,2024-08-31,2024,8,August,3,Q3 2024,2024-08-26,35,6,0
20240901,2024-09-01,2024,9,September,3,Q3 2024,2024-08-26,35,7,0
20240902,2024-09-02,2024,9,September,3,Q3 2024,2024-09-02,36,1,1
20240903,2024-09-03,2024,9,September,3,Q3 2024,2024-09-02,36,2,0
20240904,2024-09-04,2024,9,September,3,Q3 2024,2024-09-02,36,3,0
20240905,2024-09-05,2024,9,September,3,Q3 2024,2024-09-02,36,4,0
20240906,2024-09-06,2024,9,September,3,Q3 2024,2024-09-02,36,5,0
20240907,2024-09-07,2024,9,September,3,Q3 2024,2024-09-02,36,6,0
20240908,2024-09-08,2024,9,September,3,Q3 2024,2024-09-02,36,7,0
20240909,2024-09-09,2024,9,September,3,Q3 2024,2024-09-09,37,1,1
20240910,2024-09-10,2024,9,September,3,Q3 2024,2024-09-09,37,2,0
20240911,2024-09-11,2024,9,September,3,Q3 2024,2024-09-09,37,3,0
20240912,2024-09-12,2024,9,September,3,Q3 2024,2024-09-09,37,4,0
20240913,2024-09-13,2024,9,September,3,Q3 2024,2024-09-09,37,5,0
20240914,2024-09-14,2024,9,September,3,Q3 2024,2024-09-09,37,6,0
20240915,2024-09-15,2024,9,September,3,Q3 2024,2024-09-09,37,7,0
20240916,2024-09-16,2024,9,September,3,Q3 2024,2024-09-16,38,1,1
20240917,2024-09-17,2024,9,September,3,Q3 2024,2024-09-16,38,2,0
20240918,2024-09-18,2024,9,September,3,Q3 2024,2024-09-16,38,3,0
20240919,2024-09-19,2024,9,September,3,Q3 2024,2024-09-16,38,4,0
20240920,2024-09-20,2024,9,September,3,Q3 2024,2024-09-16,38,5,0
20240921,2024-09-21,2024,9,September,3,Q3 2024,2024-09-16,38,6,0
20240922,2024-09-22,2024,9,September,3,Q3 2024,2024-09-16,38,7,0
20240923,2024-09-23,2024,9,September,3,Q3 2024,2024-09-23,39,1,1
20240924,2024-09-24,2024,9,September,3,Q3 2024,2024-09-23,39,2,0
20240925,2024-09-25,2024,9,September,3,Q3 2024,2024-09-23,39,3,0
20240926,2024-09-26,2024,9,September,3,Q3 2024,2024-09-23,39,4,0
20240927,2024-09-27,2024,9,September,3,Q3 2024,2024-09-23,39,5,0
20240928,2024-09-28,2024,9,September,3,Q3 2024,2024-09-23,39,6,0
20240929,2024-09-29,2024,9,September,3,Q3 2024,2024-09-23,39,7,0
20240930,2024-09-30,2024,9,September,3,Q3 2024,2024-09-30,40,1,1
20241001,2024-10-01,2024,10,October,4,Q4 2024,2024-09-30,40,2,0
20241002,2024-10-02,2024,10,October,4,Q4 2024,2024-09-30,40,3,0
20241003,2024-10-03,2024,10,October,4,Q4 2024,2024-09-30,40,4,0
20241004,2024-10-04,2024,10,October,4,Q4 2024,2024-09-30,40,5,0
20241005,2024-10-05,2024,10,October,4,Q4 2024,2024-09-30,40,6,0
20241006,2024-10-06,2024,10,October,4,Q4 2024,2024-09-30,40,7,0
20241007,2024-10-07,2024,10,October,4,Q4 2024,2024-10-07,41,1,1
20241008,2024-10-08,2024,10,October,4,Q4 2024,2024-10-07,41,2,0
20241009,2024-10-09,2024,10,October,4,Q4 2024,2024-10-07,41,3,0
20241010,2024-10-10,2024,10,October,4,Q4 2024,2024-10-07,41,4,0
20241011,2024-10-11,2024,10,October,4,Q4 2024,2024-10-07,41,5,0
20241012,2024-10-12,2024,10,October,4,Q4 2024,2024-10-07,41,6,0
20241013,2024-10-13,2024,10,October,4,Q4 2024,2024-10-07,41,7,0
20241014,2024-10-14,2024,10,October,4,Q4 2024,2024-10-14,42,1,1
20241015,2024-10-15,2024,10,October,4,Q4 2024,2024-10-14,42,2,0
20241016,2024-10-16,2024,10,October,4,Q4 2024,2024-10-14,42,3,0
20241017,2024-10-17,2024,10,October,4,Q4 2024,2024-10-14,42,4,0
20241018,2024-10-18,2024,10,October,4,Q4 2024,2024-10-14,42,5,0
20241019,2024-10-19,2024,10,October,4,Q4 2024,2024-10-14,42,6,0
20241020,2024-10-20,2024,10,October,4,Q4 2024,2024-10-14,42,7,0
20241021,2024-10-21,2024,10,October,4,Q4 2024,2024-10-21,43,1,1
20241022,2024-10-22,2024,10,October,4,Q4 2024,2024-10-21,43,2,0
20241023,2024-10-23,2024,10,October,4,Q4 2024,2024-10-21,43,3,0
20241024,2024-10-24,2024,10,October,4,Q4 2024,2024-10-21,43,4,0
20241025,2024-10-25,2024,10,October,4,Q4 2024,2024-10-21,43,5,0
20241026,2024-10-26,2024,10,October,4,Q4 2024,2024-10-21,43,6,0
20241027,2024-10-27,2024,10,October,4,Q4 2024,2024-10-21,43,7,0
20241028,2024-10-28,2024,10,October,4,Q4 2024,2024-10-28,44,1,1
20241029,2024-10-29,2024,10,October,4,Q4 2024,2024-10-28,44,2,0
20241030,2024-10-30,2024,10,October,4,Q4 2024,2024-10-28,44,3,0
20241031,2024-10-31,2024,10,October,4,Q4 2024,2024-10-28,44,4,0
20241101,2024-11-01,2024,11,November,4,Q4 2024,2024-10-28,44,5,0
20241102,2024-11-02,2024,11,November,4,Q4 2024,2024-10-28,44,6,0
20241103,2024-11-03,2024,11,November,4,Q4 2024,2024-10-28,44,7,0
20241104,2024-11-04,2024,11,November,4,Q4 2024,2024-11-04,45,1,1
20241105,2024-11-05,2024,11,November,4,Q4 2024,2024-11-04,45,2,0
20241106,2024-11-06,2024,11,November,4,Q4 2024,2024-11-04,45,3,0
20241107,2024-11-07,2024,11,November,4,Q4 2024,2024-11-04,45,4,0
20241108,2024-11-08,2024,11,November,4,Q4 2024,2024-11-04,45,5,0
20241109,2024-11-09,2024,11,November,4,Q4 2024,2024-11-04,45,6,0
20241110,2024-11-10,2024,11,November,4,Q4 2024,2024-11-04,45,7,0
20241111,2024-11-11,2024,11,November,4,Q4 2024,2024-11-11,46,1,1
20241112,2024-11-12,2024,11,November,4,Q4 2024,2024-11-11,46,2,0
20241113,2024-11-13,2024,11,November,4,Q4 2024,2024-11-11,46,3,0
20241114,2024-11-14,2024,11,November,4,Q4 2024,2024-11-11,46,4,0
20241115,2024-11-15,2024,11,November,4,Q4 2024,2024-11-11,46,5,0
20241116,2024-11-16,2024,11,November,4,Q4 2024,2024-11-11,46,6,0
20241117,2024-11-17,2024,11,November,4,Q4 2024,2024-11-11,46,7,0
20241118,2024-11-18,2024,11,November,4,Q4 2024,2024-11-18,47,1,1
20241119,2024-11-19,2024,11,November,4,Q4 2024,2024-11-18,47,2,0
20241120,2024-11-20,2024,11,November,4,Q4 2024,2024-11-18,47,3,0
20241121,2024-11-21,2024,11,November,4,Q4 2024,2024-11-18,47,4,0
20241122,2024-11-22,2024,11,November,4,Q4 2024,2024-11-18,47,5,0
20241123,2024-11-23,2024,11,November,4,Q4 2024,2024-11-18,47,6,0
20241124,2024-11-24,2024,11,November,4,Q4 2024,2024-11-18,47,7,0
20241125,2024-11-25,2024,11,November,4,Q4 2024,2024-11-25,48,1,1
20241126,2024-11-26,2024,11,November,4,Q4 2024,2024-11-25,48,2,0
20241127,2024-11-27,2024,11,November,4,Q4 2024,2024-11-25,48,3,0
20241128,2024-11-28,2024,11,November,4,Q4 2024,2024-11-25,48,4,0
20241129,2024-11-29,2024,11,November,4,Q4 2024,2024-11-25,48,5,0
20241130,2024-11-30,2024,11,November,4,Q4 2024,2024-11-25,48,6,0
20241201,2024-12-01,2024,12,December,4,Q4 2024,2024-11-25,48,7,0
20241202,2024-12-02,2024,12,December,4,Q4 2024,2024-12-02,49,1,1
20241203,2024-12-03,2024,12,December,4,Q4 2024,2024-12-02,49,2,0
20241204,2024-12-04,2024,12,December,4,Q4 2024,2024-12-02,49,3,0
20241205,2024-12-05,2024,12,December,4,Q4 2024,2024-12-02,49,4,0
20241206,2024-12-06,2024,12,December,4,Q4 2024,2024-12-02,49,5,0
20241207,2024-12-07,2024,12,December,4,Q4 2024,2024-12-02,49,6,0
20241208,2024-12-08,2024,12,December,4,Q4 2024,2024-12-02,49,7,0
20241209,2024-12-09,2024,12,December,4,Q4 2024,2024-12-09,50,1,1
20241210,2024-12-10,2024,12,December,4,Q4 2024,2024-12-09,50,2,0
20241211,2024-12-11,2024,12,December,4,Q4 2024,2024-12-09,50,3,0
20241212,2024-12-12,2024,12,December,4,Q4 2024,2024-12-09,50,4,0
20241213,2024-12-13,2024,12,December,4,Q4 2024,2024-12-09,50,5,0
20241214,2024-12-14,2024,12,December,4,Q4 2024,2024-12-09,50,6,0
20241215,2024-12-15,2024,12,December,4,Q4 2024,2024-12-09,50,7,0
20241216,2024-12-16,2024,12,December,4,Q4 2024,2024-12-16,51,1,1
20241217,2024-12-17,2024,12,December,4,Q4 2024,2024-12-16,51,2,0
20241218,2024-12-18,2024,12,December,4,Q4 2024,2024-12-16,51,3,0
20241219,2024-12-19,2024,12,December,4,Q4 2024,2024-12-16,51,4,0
20241220,2024-12-20,2024,12,December,4,Q4 2024,2024-12-16,51,5,0
20241221,2024-12-21,2024,12,December,4,Q4 2024,2024-12-16,51,6,0
20241222,2024-12-22,2024,12,December,4,Q4 2024,2024-12-16,51,7,0
20241223,2024-12-23,2024,12,December,4,Q4 2024,2024-12-23,52,1,1
20241224,2024-12-24,2024,12,December,4,Q4 2024,2024-12-23,52,2,0
20241225,2024-12-25,2024,12,December,4,Q4 2024,2024-12-23,52,3,0
20241226,2024-12-26,2024,12,December,4,Q4 2024,2024-12-23,52,4,0
20241227,2024-12-27,2024,12,December,4,Q4 2024,2024-12-23,52,5,0
20241228,2024-12-28,2024,12,December,4,Q4 2024,2024-12-23,52,6,0
20241229,2024-12-29,2024,12,December,4,Q4 2024,2024-12-23,52,7,0
20241230,2024-12-30,2024,12,December,4,Q4 2024,2024-12-30,1,1,1
20241231,2024-12-31,2024,12,December,4,Q4 2024,2024-12-30,1,2,0
20250101,2025-01-01,2025,1,January,1,Q1 2025,2024-12-30,1,3,0
20250102,2025-01-02,2025,1,January,1,Q1 2025,2024-12-30,1,4,0
20250103,2025-01-03,2025,1,January,1,Q1 2025,2024-12-30,1,5,0
20250104,2025-01-04,2025,1,January,1,Q1 2025,2024-12-30,1,6,0
20250105,2025-01-05,2025,1,January,1,Q1 2025,2024-12-30,1,7,0
20250106,2025-01-06,2025,1,January,1,Q1 2025,2025-01-06,2,1,1
20250107,2025-01-07,2025,1,January,1,Q1 2025,2025-01-06,2,2,0
20250108,2025-01-08,2025,1,January,1,Q1 2025,2025-01-06,2,3,0
20250109,2025-01-09,2025,1,January,1,Q1 2025,2025-01-06,2,4,0
20250110,2025-01-10,2025,1,January,1,Q1 2025,2025-01-06,2,5,0
20250111,2025-01-11,2025,1,January,1,Q1 2025,2025-01-06,2,6,0
20250112,2025-01-12,2025,1,January,1,Q1 2025,2025-01-06,2,7,0
20250113,2025-01-13,2025,1,January,1,Q1 2025,2025-01-13,3,1,1
20250114,2025-01-14,2025,1,January,1,Q1 2025,2025-01-13,3,2,0
20250115,2025-01-15,2025,1,January,1,Q1 2025,2025-01-13,3,3,0
20250116,2025-01-16,2025,1,January,1,Q1 2025,2025-01-13,3,4,0
20250117,2025-01-17,2025,1,January,1,Q1 2025,2025-01-13,3,5,0
20250118,2025-01-18,2025,1,January,1,Q1 2025,2025-01-13,3,6,0
20250119,2025-01-19,2025,1,January,1,Q1 2025,2025-01-13,3,7,0
20250120,2025-01-20,2025,1,January,1,Q1 2025,2025-01-20,4,1,1
20250121,2025-01-21,2025,1,January,1,Q1 2025,2025-01-20,4,2,0
20250122,2025-01-22,2025,1,January,1,Q1 2025,2025-01-20,4,3,0
20250123,2025-01-23,2025,1,January,1,Q1 2025,2025-01-20,4,4,0
20250124,2025-01-24,2025,1,January,1,Q1 2025,2025-01-20,4,5,0
20250125,2025-01-25,2025,1,January,1,Q1 2025,2025-01-20,4,6,0
20250126,2025-01-26,2025,1,January,1,Q1 2025,2025-01-20,4,7,0
20250127,2025-01-27,2025,1,January,1,Q1 2025,2025-01-27,5,1,1
20250128,2025-01-28,2025,1,January,1,Q1 2025,2025-01-27,5,2,0
20250129,2025-01-29,2025,1,January,1,Q1 2025,2025-01-27,5,3,0
20250130,2025-01-30,2025,1,January,1,Q1 2025,2025-01-27,5,4,0
20250131,2025-01-31,2025,1,January,1,Q1 2025,2025-01-27,5,5,0
20250201,2025-02-01,2025,2,February,1,Q1 2025,2025-01-27,5,6,0
20250202,2025-02-02,2025,2,February,1,Q1 2025,2025-01-27,5,7,0
20250203,2025-02-03,2025,2,February,1,Q1 2025,2025-02-03,6,1,1
20250204,2025-02-04,2025,2,February,1,Q1 2025,2025-02-03,6,2,0
20250205,2025-02-05,2025,2,February,1,Q1 2025,2025-02-03,6,3,0
20250206,2025-02-06,2025,2,February,1,Q1 2025,2025-02-03,6,4,0
20250207,2025-02-07,2025,2,February,1,Q1 2025,2025-02-03,6,5,0
20250208,2025-02-08,2025,2,February,1,Q1 2025,2025-02-03,6,6,0
20250209,2025-02-09,2025,2,February,1,Q1 2025,2025-02-03,6,7,0
20250210,2025-02-10,2025,2,February,1,Q1 2025,2025-02-10,7,1,1
20250211,2025-02-11,2025,2,February,1,Q1 2025,2025-02-10,7,2,0
20250212,2025-02-12,2025,2,February,1,Q1 2025,2025-02-10,7,3,0
20250213,2025-02-13,2025,2,February,1,Q1 2025,2025-02-10,7,4,0
20250214,2025-02-14,2025,2,February,1,Q1 2025,2025-02-10,7,5,0
20250215,2025-02-15,2025,2,February,1,Q1 2025,2025-02-10,7,6,0
20250216,2025-02-16,2025,2,February,1,Q1 2025,2025-02-10,7,7,0
20250217,2025-02-17,2025,2,February,1,Q1 2025,2025-02-17,8,1,1
20250218,2025-02-18,2025,2,February,1,Q1 2025,2025-02-17,8,2,0
20250219,2025-02-19,2025,2,February,1,Q1 2025,2025-02-17,8,3,0
20250220,2025-02-20,2025,2,February,1,Q1 2025,2025-02-17,8,4,0
20250221,2025-02-21,2025,2,February,1,Q1 2025,2025-02-17,8,5,0
20250222,2025-02-22,2025,2,February,1,Q1 2025,2025-02-17,8,6,0
20250223,2025-02-23,2025,2,February,1,Q1 2025,2025-02-17,8,7,0
20250224,2025-02-24,2025,2,February,1,Q1 2025,2025-02-24,9,1,1
20250225,2025-02-25,2025,2,February,1,Q1 2025,2025-02-24,9,2,0
20250226,2025-02-26,2025,2,February,1,Q1 2025,2025-02-24,9,3,0
20250227,2025-02-27,2025,2,February,1,Q1 2025,2025-02-24,9,4,0
20250228,2025-02-28,2025,2,February,1,Q1 2025,2025-02-24,9,5,0
20250301,2025-03-01,2025,3,March,1,Q1 2025,2025-02-24,9,6,0
20250302,2025-03-02,2025,3,March,1,Q1 2025,2025-02-24,9,7,0
20250303,2025-03-03,2025,3,March,1,Q1 2025,2025-03-03,10,1,1
20250304,2025-03-04,2025,3,March,1,Q1 2025,2025-03-03,10,2,0
20250305,2025-03-05,2025,3,March,1,Q1 2025,2025-03-03,10,3,0
20250306,2025-03-06,2025,3,March,1,Q1 2025,2025-03-03,10,4,0
20250307,2025-03-07,2025,3,March,1,Q1 2025,2025-03-03,10,5,0
20250308,2025-03-08,2025,3,March,1,Q1 2025,2025-03-03,10,6,0
20250309,2025-03-09,2025,3,March,1,Q1 2025,2025-03-03,10,7,0
20250310,2025-03-10,2025,3,March,1,Q1 2025,2025-03-10,11,1,1
20250311,2025-03-11,2025,3,March,1,Q1 2025,2025-03-10,11,2,0
20250312,2025-03-12,2025,3,March,1,Q1 2025,2025-03-10,11,3,0
20250313,2025-03-13,2025,3,March,1,Q1 2025,2025-03-10,11,4,0
20250314,2025-03-14,2025,3,March,1,Q1 2025,2025-03-10,11,5,0
20250315,2025-03-15,2025,3,March,1,Q1 2025,2025-03-10,11,6,0
20250316,2025-03-16,2025,3,March,1,Q1 2025,2025-03-10,11,7,0
20250317,2025-03-17,2025,3,March,1,Q1 2025,2025-03-17,12,1,1
20250318,2025-03-18,2025,3,March,1,Q1 2025,2025-03-17,12,2,0
20250319,2025-03-19,2025,3,March,1,Q1 2025,2025-03-17,12,3,0
20250320,2025-03-20,2025,3,March,1,Q1 2025,2025-03-17,12,4,0
20250321,2025-03-21,2025,3,March,1,Q1 2025,2025-03-17,12,5,0
20250322,2025-03-22,2025,3,March,1,Q1 2025,2025-03-17,12,6,0
20250323,2025-03-23,2025,3,March,1,Q1 2025,2025-03-17,12,7,0
20250324,2025-03-24,2025,3,March,1,Q1 2025,2025-03-24,13,1,1
20250325,2025-03-25,2025,3,March,1,Q1 2025,2025-03-24,13,2,0
20250326,2025-03-26,2025,3,March,1,Q1 2025,2025-03-24,13,3,0
20250327,2025-03-27,2025,3,March,1,Q1 2025,2025-03-24,13,4,0
20250328,2025-03-28,2025,3,March,1,Q1 2025,2025-03-24,13,5,0
20250329,2025-03-29,2025,3,March,1,Q1 2025,2025-03-24,13,6,0
20250330,2025-03-30,2025,3,March,1,Q1 2025,2025-03-24,13,7,0
20250331,2025-03-31,2025,3,March,1,Q1 2025,2025-03-31,14,1,1
20250401,2025-04-01,2025,4,April,2,Q2 2025,2025-03-31,14,2,0
20250402,2025-04-02,2025,4,April,2,Q2 2025,2025-03-31,14,3,0
20250403,2025-04-03,2025,4,April,2,Q2 2025,2025-03-31,14,4,0
20250404,2025-04-04,2025,4,April,2,Q2 2025,2025-03-31,14,5,0
20250405,2025-04-05,2025,4,April,2,Q2 2025,2025-03-31,14,6,0
20250406,2025-04-06,2025,4,April,2,Q2 2025,2025-03-31,14,7,0
20250407,2025-04-07,2025,4,April,2,Q2 2025,2025-04-07,15,1,1
20250408,2025-04-08,2025,4,April,2,Q2 2025,2025-04-07,15,2,0
20250409,2025-04-09,2025,4,April,2,Q2 2025,2025-04-07,15,3,0
20250410,2025-04-10,2025,4,April,2,Q2 2025,2025-04-07,15,4,0
20250411,2025-04-11,2025,4,April,2,Q2 2025,2025-04-07,15,5,0
20250412,2025-04-12,2025,4,April,2,Q2 2025,2025-04-07,15,6,0
20250413,2025-04-13,2025,4,April,2,Q2 2025,2025-04-07,15,7,0
20250414,2025-04-14,2025,4,April,2,Q2 2025,2025-04-14,16,1,1
20250415,2025-04-15,2025,4,April,2,Q2 2025,2025-04-14,16,2,0
20250416,2025-04-16,2025,4,April,2,Q2 2025,2025-04-14,16,3,0
20250417,2025-04-17,2025,4,April,2,Q2 2025,2025-04-14,16,4,0
20250418,2025-04-18,2025,4,April,2,Q2 2025,2025-04-14,16,5,0
20250419,2025-04-19,2025,4,April,2,Q2 2025,2025-04-14,16,6,0
20250420,2025-04-20,2025,4,April,2,Q2 2025,2025-04-14,16,7,0
20250421,2025-04-21,2025,4,April,2,Q2 2025,2025-04-21,17,1,1
20250422,2025-04-22,2025,4,April,2,Q2 2025,2025-04-21,17,2,0
20250423,2025-04-23,2025,4,April,2,Q2 2025,2025-04-21,17,3,0
20250424,2025-04-24,2025,4,April,2,Q2 2025,2025-04-21,17,4,0
20250425,2025-04-25,2025,4,April,2,Q2 2025,2025-04-21,17,5,0
20250426,2025-04-26,2025,4,April,2,Q2 2025,2025-04-21,17,6,0
20250427,2025-04-27,2025,4,April,2,Q2 2025,2025-04-21,17,7,0
20250428,2025-04-28,2025,4,April,2,Q2 2025,2025-04-28,18,1,1
20250429,2025-04-29,2025,4,April,2,Q2 2025,2025-04-28,18,2,0
20250430,2025-04-30,2025,4,April,2,Q2 2025,2025-04-28,18,3,0
20250501,2025-05-01,2025,5,May,2,Q2 2025,2025-04-28,18,4,0
20250502,2025-05-02,2025,5,May,2,Q2 2025,2025-04-28,18,5,0
20250503,2025-05-03,2025,5,May,2,Q2 2025,2025-04-28,18,6,0
20250504,2025-05-04,2025,5,May,2,Q2 2025,2025-04-28,18,7,0
20250505,2025-05-05,2025,5,May,2,Q2 2025,2025-05-05,19,1,1
20250506,2025-05-06,2025,5,May,2,Q2 2025,2025-05-05,19,2,0
20250507,2025-05-07,2025,5,May,2,Q2 2025,2025-05-05,19,3,0
20250508,2025-05-08,2025,5,May,2,Q2 2025,2025-05-05,19,4,0
20250509,2025-05-09,2025,5,May,2,Q2 2025,2025-05-05,19,5,0
20250510,2025-05-10,2025,5,May,2,Q2 2025,2025-05-05,19,6,0
20250511,2025-05-11,2025,5,May,2,Q2 2025,2025-05-05,19,7,0
20250512,2025-05-12,2025,5,May,2,Q2 2025,2025-05-12,20,1,1
20250513,2025-05-13,2025,5,May,2,Q2 2025,2025-05-12,20,2,0
20250514,2025-05-14,2025,5,May,2,Q2 2025,2025-05-12,20,3,0
20250515,2025-05-15,2025,5,May,2,Q2 2025,2025-05-12,20,4,0
20250516,2025-05-16,2025,5,May,2,Q2 2025,2025-05-12,20,5,0
20250517,2025-05-17,2025,5,May,2,Q2 2025,2025-05-12,20,6,0
20250518,2025-05-18,2025,5,May,2,Q2 2025,2025-05-12,20,7,0
20250519,2025-05-19,2025,5,May,2,Q2 2025,2025-05-19,21,1,1
20250520,2025-05-20,2025,5,May,2,Q2 2025,2025-05-19,21,2,0
20250521,2025-05-21,2025,5,May,2,Q2 2025,2025-05-19,21,3,0
20250522,2025-05-22,2025,5,May,2,Q2 2025,2025-05-19,21,4,0
20250523,2025-05-23,2025,5,May,2,Q2 2025,2025-05-19,21,5,0
20250524,2025-05-24,2025,5,May,2,Q2 2025,2025-05-19,21,6,0
20250525,2025-05-25,2025,5,May,2,Q2 2025,2025-05-19,21,7,0
20250526,2025-05-26,2025,5,May,2,Q2 2025,2025-05-26,22,1,1
20250527,2025-05-27,2025,5,May,2,Q2 2025,2025-05-26,22,2,0
20250528,2025-05-28,2025,5,May,2,Q2 2025,2025-05-26,22,3,0
20250529,2025-05-29,2025,5,May,2,Q2 2025,2025-05-26,22,4,0
20250530,2025-05-30,2025,5,May,2,Q2 2025,2025-05-26,22,5,0
20250531,2025-05-31,2025,5,May,2,Q2 2025,2025-05-26,22,6,0
20250601,2025-06-01,2025,6,June,2,Q2 2025,2025-05-26,22,7,0
20250602,2025-06-02,2025,6,June,2,Q2 2025,2025-06-02,23,1,1
20250603,2025-06-03,2025,6,June,2,Q2 2025,2025-06-02,23,2,0
20250604,2025-06-04,2025,6,June,2,Q2 2025,2025-06-02,23,3,0
20250605,2025-06-05,2025,6,June,2,Q2 2025,2025-06-02,23,4,0
20250606,2025-06-06,2025,6,June,2,Q2 2025,2025-06-02,23,5,0
20250607,2025-06-07,2025,6,June,2,Q2 2025,2025-06-02,23,6,0
20250608,2025-06-08,2025,6,June,2,Q2 2025,2025-06-02,23,7,0
20250609,2025-06-09,2025,6,June,2,Q2 2025,2025-06-09,24,1,1
20250610,2025-06-10,2025,6,June,2,Q2 2025,2025-06-09,24,2,0
20250611,2025-06-11,2025,6,June,2,Q2 2025,2025-06-09,24,3,0
20250612,2025-06-12,2025,6,June,2,Q2 2025,2025-06-09,24,4,0
20250613,2025-06-13,2025,6,June,2,Q2 2025,2025-06-09,24,5,0
20250614,2025-06-14,2025,6,June,2,Q2 2025,2025-06-09,24,6,0
20250615,2025-06-15,2025,6,June,2,Q2 2025,2025-06-09,24,7,0
20250616,2025-06-16,2025,6,June,2,Q2 2025,2025-06-16,25,1,1
20250617,2025-06-17,2025,6,June,2,Q2 2025,2025-06-16,25,2,0
20250618,2025-06-18,2025,6,June,2,Q2 2025,2025-06-16,25,3,0
20250619,2025-06-19,2025,6,June,2,Q2 2025,2025-06-16,25,4,0
20250620,2025-06-20,2025,6,June,2,Q2 2025,2025-06-16,25,5,0
20250621,2025-06-21,2025,6,June,2,Q2 2025,2025-06-16,25,6,0
20250622,2025-06-22,2025,6,June,2,Q2 2025,2025-06-16,25,7,0
20250623,2025-06-23,2025,6,June,2,Q2 2025,2025-06-23,26,1,1
20250624,2025-06-24,2025,6,June,2,Q2 2025,2025-06-23,26,2,0
20250625,2025-06-25,2025,6,June,2,Q2 2025,2025-06-23,26,3,0
20250626,2025-06-26,2025,6,June,2,Q2 2025,2025-06-23,26,4,0
20250627,2025-06-27,2025,6,June,2,Q2 2025,2025-06-23,26,5,0
20250628,2025-06-28,2025,6,June,2,Q2 2025,2025-06-23,26,6,0
20250629,2025-06-29,2025,6,June,2,Q2 2025,2025-06-23,26,7,0
20250630,2025-06-30,2025,6,June,2,Q2 2025,2025-06-30,27,1,1
20250701,2025-07-01,2025,7,July,3,Q3 2025,2025-06-30,27,2,0
20250702,2025-07-02,2025,7,July,3,Q3 2025,2025-06-30,27,3,0
20250703,2025-07-03,2025,7,July,3,Q3 2025,2025-06-30,27,4,0
20250704,2025-07-04,2025,7,July,3,Q3 2025,2025-06-30,27,5,0
20250705,2025-07-05,2025,7,July,3,Q3 2025,2025-06-30,27,6,0
20250706,2025-07-06,2025,7,July,3,Q3 2025,2025-06-30,27,7,0
20250707,2025-07-07,2025,7,July,3,Q3 2025,2025-07-07,28,1,1
20250708,2025-07-08,2025,7,July,3,Q3 2025,2025-07-07,28,2,0
20250709,2025-07-09,2025,7,July,3,Q3 2025,2025-07-07,28,3,0
20250710,2025-07-10,2025,7,July,3,Q3 2025,2025-07-07,28,4,0
20250711,2025-07-11,2025,7,July,3,Q3 2025,2025-07-07,28,5,0
20250712,2025-07-12,2025,7,July,3,Q3 2025,2025-07-07,28,6,0
20250713,2025-07-13,2025,7,July,3,Q3 2025,2025-07-07,28,7,0
20250714,2025-07-14,2025,7,July,3,Q3 2025,2025-07-14,29,1,1
20250715,2025-07-15,2025,7,July,3,Q3 2025,2025-07-14,29,2,0
20250716,2025-07-16,2025,7,July,3,Q3 2025,2025-07-14,29,3,0
20250717,2025-07-17,2025,7,July,3,Q3 2025,2025-07-14,29,4,0
20250718,2025-07-18,2025,7,July,3,Q3 2025,2025-07-14,29,5,0
20250719,2025-07-19,2025,7,July,3,Q3 2025,2025-07-14,29,6,0
20250720,2025-07-20,2025,7,July,3,Q3 2025,2025-07-14,29,7,0
20250721,2025-07-21,2025,7,July,3,Q3 2025,2025-07-21,30,1,1
20250722,2025-07-22,2025,7,July,3,Q3 2025,2025-07-21,30,2,0
20250723,2025-07-23,2025,7,July,3,Q3 2025,2025-07-21,30,3,0
20250724,2025-07-24,2025,7,July,3,Q3 2025,2025-07-21,30,4,0
20250725,2025-07-25,2025,7,July,3,Q3 2025,2025-07-21,30,5,0
20250726,2025-07-26,2025,7,July,3,Q3 2025,2025-07-21,30,6,0
20250727,2025-07-27,2025,7,July,3,Q3 2025,2025-07-21,30,7,0
20250728,2025-07-28,2025,7,July,3,Q3 2025,2025-07-28,31,1,1
20250729,2025-07-29,2025,7,July,3,Q3 2025,2025-07-28,31,2,0
20250730,2025-07-30,2025,7,July,3,Q3 2025,2025-07-28,31,3,0
20250731,2025-07-31,2025,7,July,3,Q3 2025,2025-07-28,31,4,0
20250801,2025-08-01,2025,8,August,3,Q3 2025,2025-07-28,31,5,0
20250802,2025-08-02,2025,8,August,3,Q3 2025,2025-07-28,31,6,0
20250803,2025-08-03,2025,8,August,3,Q3 2025,2025-07-28,31,7,0
20250804,2025-08-04,2025,8,August,3,Q3 2025,2025-08-04,32,1,1
20250805,2025-08-05,2025,8,August,3,Q3 2025,2025-08-04,32,2,0
20250806,2025-08-06,2025,8,August,3,Q3 2025,2025-08-04,32,3,0
20250807,2025-08-07,2025,8,August,3,Q3 2025,2025-08-04,32,4,0
20250808,2025-08-08,2025,8,August,3,Q3 2025,2025-08-04,32,5,0
20250809,2025-08-09,2025,8,August,3,Q3 2025,2025-08-04,32,6,0
20250810,2025-08-10,2025,8,August,3,Q3 2025,2025-08-04,32,7,0
20250811,2025-08-11,2025,8,August,3,Q3 2025,2025-08-11,33,1,1
20250812,2025-08-12,2025,8,August,3,Q3 2025,2025-08-11,33,2,0
20250813,2025-08-13,2025,8,August,3,Q3 2025,2025-08-11,33,3,0
20250814,2025-08-14,2025,8,August,3,Q3 2025,2025-08-11,33,4,0
20250815,2025-08-15,2025,8,August,3,Q3 2025,2025-08-11,33,5,0
20250816,2025-08-16,2025,8,August,3,Q3 2025,2025-08-11,33,6,0
20250817,2025-08-17,2025,8,August,3,Q3 2025,2025-08-11,33,7,0
20250818,2025-08-18,2025,8,August,3,Q3 2025,2025-08-18,34,1,1
20250819,2025-08-19,2025,8,August,3,Q3 2025,2025-08-18,34,2,0
20250820,2025-08-20,2025,8,August,3,Q3 2025,2025-08-18,34,3,0
20250821,2025-08-21,2025,8,August,3,Q3 2025,2025-08-18,34,4,0
20250822,2025-08-22,2025,8,August,3,Q3 2025,2025-08-18,34,5,0
20250823,2025-08-23,2025,8,August,3,Q3 2025,2025-08-18,34,6,0
20250824,2025-08-24,2025,8,August,3,Q3 2025,2025-08-18,34,7,0
20250825,2025-08-25,2025,8,August,3,Q3 2025,2025-08-25,35,1,1
20250826,2025-08-26,2025,8,August,3,Q3 2025,2025-08-25,35,2,0
20250827,2025-08-27,2025,8,August,3,Q3 2025,2025-08-25,35,3,0
20250828,2025-08-28,2025,8,August,3,Q3 2025,2025-08-25,35,4,0
20250829,2025-08-29,2025,8,August,3,Q3 2025,2025-08-25,35,5,0
20250830,2025-08-30,2025,8,August,3,Q3 2025,2025-08-25,35,6,0
20250831,2025-08-31,2025,8,August,3,Q3 2025,2025-08-25,35,7,0
20250901,2025-09-01,2025,9,September,3,Q3 2025,2025-09-01,36,1,1
20250902,2025-09-02,2025,9,September,3,Q3 2025,2025-09-01,36,2,0
20250903,2025-09-03,2025,9,September,3,Q3 2025,2025-09-01,36,3,0
20250904,2025-09-04,2025,9,September,3,Q3 2025,2025-09-01,36,4,0
20250905,2025-09-05,2025,9,September,3,Q3 2025,2025-09-01,36,5,0
20250906,2025-09-06,2025,9,September,3,Q3 2025,2025-09-01,36,6,0
20250907,2025-09-07,2025,9,September,3,Q3 2025,2025-09-01,36,7,0
20250908,2025-09-08,2025,9,September,3,Q3 2025,2025-09-08,37,1,1
20250909,2025-09-09,2025,9,September,3,Q3 2025,2025-09-08,37,2,0
20250910,2025-09-10,2025,9,September,3,Q3 2025,2025-09-08,37,3,0
20250911,2025-09-11,2025,9,September,3,Q3 2025,2025-09-08,37,4,0
20250912,2025-09-12,2025,9,September,3,Q3 2025,2025-09-08,37,5,0
20250913,2025-09-13,2025,9,September,3,Q3 2025,2025-09-08,37,6,0
20250914,2025-09-14,2025,9,September,3,Q3 2025,2025-09-08,37,7,0
20250915,2025-09-15,2025,9,September,3,Q3 2025,2025-09-15,38,1,1
20250916,2025-09-16,2025,9,September,3,Q3 2025,2025-09-15,38,2,0
20250917,2025-09-17,2025,9,September,3,Q3 2025,2025-09-15,38,3,0
20250918,2025-09-18,2025,9,September,3,Q3 2025,2025-09-15,38,4,0
20250919,2025-09-19,2025,9,September,3,Q3 2025,2025-09-15,38,5,0
20250920,2025-09-20,2025,9,September,3,Q3 2025,2025-09-15,38,6,0
20250921,2025-09-21,2025,9,September,3,Q3 2025,2025-09-15,38,7,0
20250922,2025-09-22,2025,9,September,3,Q3 2025,2025-09-22,39,1,1
20250923,2025-09-23,2025,9,September,3,Q3 2025,2025-09-22,39,2,0
20250924,2025-09-24,2025,9,September,3,Q3 2025,2025-09-22,39,3,0
20250925,2025-09-25,2025,9,September,3,Q3 2025,2025-09-22,39,4,0
20250926,2025-09-26,2025,9,September,3,Q3 2025,2025-09-22,39,5,0
20250927,2025-09-27,2025,9,September,3,Q3 2025,2025-09-22,39,6,0
20250928,2025-09-28,2025,9,September,3,Q3 2025,2025-09-22,39,7,0
20250929,2025-09-29,2025,9,September,3,Q3 2025,2025-09-29,40,1,1
20250930,2025-09-30,2025,9,September,3,Q3 2025,2025-09-29,40,2,0
20251001,2025-10-01,2025,10,October,4,Q4 2025,2025-09-29,40,3,0
20251002,2025-10-02,2025,10,October,4,Q4 2025,2025-09-29,40,4,0
20251003,2025-10-03,2025,10,October,4,Q4 2025,2025-09-29,40,5,0
20251004,2025-10-04,2025,10,October,4,Q4 2025,2025-09-29,40,6,0
20251005,2025-10-05,2025,10,October,4,Q4 2025,2025-09-29,40,7,0
20251006,2025-10-06,2025,10,October,4,Q4 2025,2025-10-06,41,1,1
20251007,2025-10-07,2025,10,October,4,Q4 2025,2025-10-06,41,2,0
20251008,2025-10-08,2025,10,October,4,Q4 2025,2025-10-06,41,3,0
20251009,2025-10-09,2025,10,October,4,Q4 2025,2025-10-06,41,4,0
20251010,2025-10-10,2025,10,October,4,Q4 2025,2025-10-06,41,5,0
20251011,2025-10-11,2025,10,October,4,Q4 2025,2025-10-06,41,6,0
20251012,2025-10-12,2025,10,October,4,Q4 2025,2025-10-06,41,7,0
20251013,2025-10-13,2025,10,October,4,Q4 2025,2025-10-13,42,1,1
20251014,2025-10-14,2025,10,October,4,Q4 2025,2025-10-13,42,2,0
20251015,2025-10-15,2025,10,October,4,Q4 2025,2025-10-13,42,3,0
20251016,2025-10-16,2025,10,October,4,Q4 2025,2025-10-13,42,4,0
20251017,2025-10-17,2025,10,October,4,Q4 2025,2025-10-13,42,5,0
20251018,2025-10-18,2025,10,October,4,Q4 2025,2025-10-13,42,6,0
20251019,2025-10-19,2025,10,October,4,Q4 2025,2025-10-13,42,7,0
20251020,2025-10-20,2025,10,October,4,Q4 2025,2025-10-20,43,1,1
20251021,2025-10-21,2025,10,October,4,Q4 2025,2025-10-20,43,2,0
20251022,2025-10-22,2025,10,October,4,Q4 2025,2025-10-20,43,3,0
20251023,2025-10-23,2025,10,October,4,Q4 2025,2025-10-20,43,4,0
20251024,2025-10-24,2025,10,October,4,Q4 2025,2025-10-20,43,5,0
20251025,2025-10-25,2025,10,October,4,Q4 2025,2025-10-20,43,6,0
20251026,2025-10-26,2025,10,October,4,Q4 2025,2025-10-20,43,7,0
20251027,2025-10-27,2025,10,October,4,Q4 2025,2025-10-27,44,1,1
20251028,2025-10-28,2025,10,October,4,Q4 2025,2025-10-27,44,2,0
20251029,2025-10-29,2025,10,October,4,Q4 2025,2025-10-27,44,3,0
20251030,2025-10-30,2025,10,October,4,Q4 2025,2025-10-27,44,4,0
20251031,2025-10-31,2025,10,October,4,Q4 2025,2025-10-27,44,5,0
20251101,2025-11-01,2025,11,November,4,Q4 2025,2025-10-27,44,6,0
20251102,2025-11-02,2025,11,November,4,Q4 2025,2025-10-27,44,7,0
20251103,2025-11-03,2025,11,November,4,Q4 2025,2025-11-03,45,1,1
20251104,2025-11-04,2025,11,November,4,Q4 2025,2025-11-03,45,2,0
20251105,2025-11-05,2025,11,November,4,Q4 2025,2025-11-03,45,3,0
20251106,2025-11-06,2025,11,November,4,Q4 2025,2025-11-03,45,4,0
20251107,2025-11-07,2025,11,November,4,Q4 2025,2025-11-03,45,5,0
20251108,2025-11-08,2025,11,November,4,Q4 2025,2025-11-03,45,6,0
20251109,2025-11-09,2025,11,November,4,Q4 2025,2025-11-03,45,7,0
20251110,2025-11-10,2025,11,November,4,Q4 2025,2025-11-10,46,1,1
20251111,2025-11-11,2025,11,November,4,Q4 2025,2025-11-10,46,2,0
20251112,2025-11-12,2025,11,November,4,Q4 2025,2025-11-10,46,3,0
20251113,2025-11-13,2025,11,November,4,Q4 2025,2025-11-10,46,4,0
20251114,2025-11-14,2025,11,November,4,Q4 2025,2025-11-10,46,5,0
20251115,2025-11-15,2025,11,November,4,Q4 2025,2025-11-10,46,6,0
20251116,2025-11-16,2025,11,November,4,Q4 2025,2025-11-10,46,7,0
20251117,2025-11-17,2025,11,November,4,Q4 2025,2025-11-17,47,1,1
20251118,2025-11-18,2025,11,November,4,Q4 2025,2025-11-17,47,2,0
20251119,2025-11-19,2025,11,November,4,Q4 2025,2025-11-17,47,3,0
20251120,2025-11-20,2025,11,November,4,Q4 2025,2025-11-17,47,4,0
20251121,2025-11-21,2025,11,November,4,Q4 2025,2025-11-17,47,5,0
20251122,2025-11-22,2025,11,November,4,Q4 2025,2025-11-17,47,6,0
20251123,2025-11-23,2025,11,November,4,Q4 2025,2025-11-17,47,7,0
20251124,2025-11-24,2025,11,November,4,Q4 2025,2025-11-24,48,1,1
20251125,2025-11-25,2025,11,November,4,Q4 2025,2025-11-24,48,2,0
20251126,2025-11-26,2025,11,November,4,Q4 2025,2025-11-24,48,3,0
20251127,2025-11-27,2025,11,November,4,Q4 2025,2025-11-24,48,4,0
20251128,2025-11-28,2025,11,November,4,Q4 2025,2025-11-24,48,5,0
20251129,2025-11-29,2025,11,November,4,Q4 2025,2025-11-24,48,6,0
20251130,2025-11-30,2025,11,November,4,Q4 2025,2025-11-24,48,7,0
20251201,2025-12-01,2025,12,December,4,Q4 2025,2025-12-01,49,1,1
20251202,2025-12-02,2025,12,December,4,Q4 2025,2025-12-01,49,2,0
20251203,2025-12-03,2025,12,December,4,Q4 2025,2025-12-01,49,3,0
20251204,2025-12-04,2025,12,December,4,Q4 2025,2025-12-01,49,4,0
20251205,2025-12-05,2025,12,December,4,Q4 2025,2025-12-01,49,5,0
20251206,2025-12-06,2025,12,December,4,Q4 2025,2025-12-01,49,6,0
20251207,2025-12-07,2025,12,December,4,Q4 2025,2025-12-01,49,7,0
20251208,2025-12-08,2025,12,December,4,Q4 2025,2025-12-08,50,1,1
20251209,2025-12-09,2025,12,December,4,Q4 2025,2025-12-08,50,2,0
20251210,2025-12-10,2025,12,December,4,Q4 2025,2025-12-08,50,3,0
20251211,2025-12-11,2025,12,December,4,Q4 2025,2025-12-08,50,4,0
20251212,2025-12-12,2025,12,December,4,Q4 2025,2025-12-08,50,5,0
20251213,2025-12-13,2025,12,December,4,Q4 2025,2025-12-08,50,6,0
20251214,2025-12-14,2025,12,December,4,Q4 2025,2025-12-08,50,7,0
20251215,2025-12-15,2025,12,December,4,Q4 2025,2025-12-15,51,1,1
20251216,2025-12-16,2025,12,December,4,Q4 2025,2025-12-15,51,2,0
20251217,2025-12-17,2025,12,December,4,Q4 2025,2025-12-15,51,3,0
20251218,2025-12-18,2025,12,December,4,Q4 2025,2025-12-15,51,4,0
20251219,2025-12-19,2025,12,December,4,Q4 2025,2025-12-15,51,5,0
20251220,2025-12-20,2025,12,December,4,Q4 2025,2025-12-15,51,6,0
20251221,2025-12-21,2025,12,December,4,Q4 2025,2025-12-15,51,7,0
20251222,2025-12-22,2025,12,December,4,Q4 2025,2025-12-22,52,1,1
20251223,2025-12-23,2025,12,December,4,Q4 2025,2025-12-22,52,2,0
20251224,2025-12-24,2025,12,December,4,Q4 2025,2025-12-22,52,3,0
20251225,2025-12-25,2025,12,December,4,Q4 2025,2025-12-22,52,4,0
20251226,2025-12-26,2025,12,December,4,Q4 2025,2025-12-22,52,5,0
20251227,2025-12-27,2025,12,December,4,Q4 2025,2025-12-22,52,6,0
20251228,2025-12-28,2025,12,December,4,Q4 2025,2025-12-22,52,7,0
20251229,2025-12-29,2025,12,December,4,Q4 2025,2025-12-29,1,1,1
20251230,2025-12-30,2025,12,December,4,Q4 2025,2025-12-29,1,2,0
20251231,2025-12-31,2025,12,December,4,Q4 2025,2025-12-29,1,3,0
20260101,2026-01-01,2026,1,January,1,Q1 2026,2025-12-29,1,4,0
20260102,2026-01-02,2026,1,January,1,Q1 2026,2025-12-29,1,5,0
20260103,2026-01-03,2026,1,January,1,Q1 2026,2025-12-29,1,6,0
20260104,2026-01-04,2026,1,January,1,Q1 2026,2025-12-29,1,7,0
20260105,2026-01-05,2026,1,January,1,Q1 2026,2026-01-05,2,1,1
20260106,2026-01-06,2026,1,January,1,Q1 2026,2026-01-05,2,2,0
20260107,2026-01-07,2026,1,January,1,Q1 2026,2026-01-05,2,3,0
20260108,2026-01-08,2026,1,January,1,Q1 2026,2026-01-05,2,4,0
20260109,2026-01-09,2026,1,January,1,Q1 2026,2026-01-05,2,5,0
20260110,2026-01-10,2026,1,January,1,Q1 2026,2026-01-05,2,6,0
20260111,2026-01-11,2026,1,January,1,Q1 2026,2026-01-05,2,7,0
20260112,2026-01-12,2026,1,January,1,Q1 2026,2026-01-12,3,1,1
20260113,2026-01-13,2026,1,January,1,Q1 2026,2026-01-12,3,2,0
20260114,2026-01-14,2026,1,January,1,Q1 2026,2026-01-12,3,3,0
20260115,2026-01-15,2026,1,January,1,Q1 2026,2026-01-12,3,4,0
20260116,2026-01-16,2026,1,January,1,Q1 2026,2026-01-12,3,5,0
20260117,2026-01-17,2026,1,January,1,Q1 2026,2026-01-12,3,6,0
20260118,2026-01-18,2026,1,January,1,Q1 2026,2026-01-12,3,7,0
20260119,2026-01-19,2026,1,January,1,Q1 2026,2026-01-19,4,1,1
20260120,2026-01-20,2026,1,January,1,Q1 2026,2026-01-19,4,2,0
20260121,2026-01-21,2026,1,January,1,Q1 2026,2026-01-19,4,3,0
20260122,2026-01-22,2026,1,January,1,Q1 2026,2026-01-19,4,4,0
20260123,2026-01-23,2026,1,January,1,Q1 2026,2026-01-19,4,5,0
20260124,2026-01-24,2026,1,January,1,Q1 2026,2026-01-19,4,6,0
20260125,2026-01-25,2026,1,January,1,Q1 2026,2026-01-19,4,7,0
20260126,2026-01-26,2026,1,January,1,Q1 2026,2026-01-26,5,1,1
20260127,2026-01-27,2026,1,January,1,Q1 2026,2026-01-26,5,2,0
20260128,2026-01-28,2026,1,January,1,Q1 2026,2026-01-26,5,3,0
20260129,2026-01-29,2026,1,January,1,Q1 2026,2026-01-26,5,4,0
20260130,2026-01-30,2026,1,January,1,Q1 2026,2026-01-26,5,5,0
20260131,2026-01-31,2026,1,January,1,Q1 2026,2026-01-26,5,6,0
20260201,2026-02-01,2026,2,February,1,Q1 2026,2026-01-26,5,7,0
20260202,2026-02-02,2026,2,February,1,Q1 2026,2026-02-02,6,1,1
20260203,2026-02-03,2026,2,February,1,Q1 2026,2026-02-02,6,2,0
20260204,2026-02-04,2026,2,February,1,Q1 2026,2026-02-02,6,3,0
20260205,2026-02-05,2026,2,February,1,Q1 2026,2026-02-02,6,4,0
20260206,2026-02-06,2026,2,February,1,Q1 2026,2026-02-02,6,5,0
20260207,2026-02-07,2026,2,February,1,Q1 2026,2026-02-02,6,6,0
20260208,2026-02-08,2026,2,February,1,Q1 2026,2026-02-02,6,7,0
20260209,2026-02-09,2026,2,February,1,Q1 2026,2026-02-09,7,1,1
20260210,2026-02-10,2026,2,February,1,Q1 2026,2026-02-09,7,2,0
20260211,2026-02-11,2026,2,February,1,Q1 2026,2026-02-09,7,3,0
20260212,2026-02-12,2026,2,February,1,Q1 2026,2026-02-09,7,4,0
20260213,2026-02-13,2026,2,February,1,Q1 2026,2026-02-09,7,5,0
20260214,2026-02-14,2026,2,February,1,Q1 2026,2026-02-09,7,6,0
20260215,2026-02-15,2026,2,February,1,Q1 2026,2026-02-09,7,7,0
20260216,2026-02-16,2026,2,February,1,Q1 2026,2026-02-16,8,1,1
20260217,2026-02-17,2026,2,February,1,Q1 2026,2026-02-16,8,2,0
20260218,2026-02-18,2026,2,February,1,Q1 2026,2026-02-16,8,3,0
20260219,2026-02-19,2026,2,February,1,Q1 2026,2026-02-16,8,4,0
20260220,2026-02-20,2026,2,February,1,Q1 2026,2026-02-16,8,5,0
20260221,2026-02-21,2026,2,February,1,Q1 2026,2026-02-16,8,6,0
20260222,2026-02-22,2026,2,February,1,Q1 2026,2026-02-16,8,7,0
20260223,2026-02-23,2026,2,February,1,Q1 2026,2026-02-23,9,1,1
20260224,2026-02-24,2026,2,February,1,Q1 2026,2026-02-23,9,2,0
20260225,2026-02-25,2026,2,February,1,Q1 2026,2026-02-23,9,3,0
20260226,2026-02-26,2026,2,February,1,Q1 2026,2026-02-23,9,4,0
20260227,2026-02-27,2026,2,February,1,Q1 2026,2026-02-23,9,5,0
20260228,2026-02-28,2026,2,February,1,Q1 2026,2026-02-23,9,6,0
20260301,2026-03-01,2026,3,March,1,Q1 2026,2026-02-23,9,7,0
20260302,2026-03-02,2026,3,March,1,Q1 2026,2026-03-02,10,1,1
20260303,2026-03-03,2026,3,March,1,Q1 2026,2026-03-02,10,2,0
20260304,2026-03-04,2026,3,March,1,Q1 2026,2026-03-02,10,3,0
20260305,2026-03-05,2026,3,March,1,Q1 2026,2026-03-02,10,4,0
20260306,2026-03-06,2026,3,March,1,Q1 2026,2026-03-02,10,5,0
20260307,2026-03-07,2026,3,March,1,Q1 2026,2026-03-02,10,6,0
20260308,2026-03-08,2026,3,March,1,Q1 2026,2026-03-02,10,7,0
20260309,2026-03-09,2026,3,March,1,Q1 2026,2026-03-09,11,1,1
20260310,2026-03-10,2026,3,March,1,Q1 2026,2026-03-09,11,2,0
20260311,2026-03-11,2026,3,March,1,Q1 2026,2026-03-09,11,3,0
20260312,2026-03-12,2026,3,March,1,Q1 2026,2026-03-09,11,4,0
20260313,2026-03-13,2026,3,March,1,Q1 2026,2026-03-09,11,5,0
20260314,2026-03-14,2026,3,March,1,Q1 2026,2026-03-09,11,6,0
20260315,2026-03-15,2026,3,March,1,Q1 2026,2026-03-09,11,7,0
20260316,2026-03-16,2026,3,March,1,Q1 2026,2026-03-16,12,1,1
20260317,2026-03-17,2026,3,March,1,Q1 2026,2026-03-16,12,2,0
20260318,2026-03-18,2026,3,March,1,Q1 2026,2026-03-16,12,3,0
20260319,2026-03-19,2026,3,March,1,Q1 2026,2026-03-16,12,4,0
20260320,2026-03-20,2026,3,March,1,Q1 2026,2026-03-16,12,5,0
20260321,2026-03-21,2026,3,March,1,Q1 2026,2026-03-16,12,6,0
20260322,2026-03-22,2026,3,March,1,Q1 2026,2026-03-16,12,7,0
20260323,2026-03-23,2026,3,March,1,Q1 2026,2026-03-23,13,1,1
20260324,2026-03-24,2026,3,March,1,Q1 2026,2026-03-23,13,2,0
20260325,2026-03-25,2026,3,March,1,Q1 2026,2026-03-23,13,3,0
20260326,2026-03-26,2026,3,March,1,Q1 2026,2026-03-23,13,4,0
20260327,2026-03-27,2026,3,March,1,Q1 2026,2026-03-23,13,5,0
20260328,2026-03-28,2026,3,March,1,Q1 2026,2026-03-23,13,6,0
20260329,2026-03-29,2026,3,March,1,Q1 2026,2026-03-23,13,7,0
20260330,2026-03-30,2026,3,March,1,Q1 2026,2026-03-30,14,1,1
20260331,2026-03-31,2026,3,March,1,Q1 2026,2026-03-30,14,2,0
20260401,2026-04-01,2026,4,April,2,Q2 2026,2026-03-30,14,3,0
20260402,2026-04-02,2026,4,April,2,Q2 2026,2026-03-30,14,4,0
20260403,2026-04-03,2026,4,April,2,Q2 2026,2026-03-30,14,5,0
20260404,2026-04-04,2026,4,April,2,Q2 2026,2026-03-30,14,6,0
20260405,2026-04-05,2026,4,April,2,Q2 2026,2026-03-30,14,7,0
20260406,2026-04-06,2026,4,April,2,Q2 2026,2026-04-06,15,1,1
20260407,2026-04-07,2026,4,April,2,Q2 2026,2026-04-06,15,2,0
20260408,2026-04-08,2026,4,April,2,Q2 2026,2026-04-06,15,3,0
20260409,2026-04-09,2026,4,April,2,Q2 2026,2026-04-06,15,4,0
20260410,2026-04-10,2026,4,April,2,Q2 2026,2026-04-06,15,5,0
20260411,2026-04-11,2026,4,April,2,Q2 2026,2026-04-06,15,6,0
20260412,2026-04-12,2026,4,April,2,Q2 2026,2026-04-06,15,7,0
20260413,2026-04-13,2026,4,April,2,Q2 2026,2026-04-13,16,1,1
20260414,2026-04-14,2026,4,April,2,Q2 2026,2026-04-13,16,2,0
20260415,2026-04-15,2026,4,April,2,Q2 2026,2026-04-13,16,3,0
20260416,2026-04-16,2026,4,April,2,Q2 2026,2026-04-13,16,4,0
20260417,2026-04-17,2026,4,April,2,Q2 2026,2026-04-13,16,5,0
20260418,2026-04-18,2026,4,April,2,Q2 2026,2026-04-13,16,6,0
20260419,2026-04-19,2026,4,April,2,Q2 2026,2026-04-13,16,7,0
20260420,2026-04-20,2026,4,April,2,Q2 2026,2026-04-20,17,1,1
20260421,2026-04-21,2026,4,April,2,Q2 2026,2026-04-20,17,2,0
20260422,2026-04-22,2026,4,April,2,Q2 2026,2026-04-20,17,3,0
20260423,2026-04-23,2026,4,April,2,Q2 2026,2026-04-20,17,4,0
20260424,2026-04-24,2026,4,April,2,Q2 2026,2026-04-20,17,5,0
20260425,2026-04-25,2026,4,April,2,Q2 2026,2026-04-20,17,6,0
20260426,2026-04-26,2026,4,April,2,Q2 2026,2026-04-20,17,7,0
20260427,2026-04-27,2026,4,April,2,Q2 2026,2026-04-27,18,1,1
20260428,2026-04-28,2026,4,April,2,Q2 2026,2026-04-27,18,2,0
20260429,2026-04-29,2026,4,April,2,Q2 2026,2026-04-27,18,3,0
20260430,2026-04-30,2026,4,April,2,Q2 2026,2026-04-27,18,4,0
20260501,2026-05-01,2026,5,May,2,Q2 2026,2026-04-27,18,5,0
20260502,2026-05-02,2026,5,May,2,Q2 2026,2026-04-27,18,6,0
20260503,2026-05-03,2026,5,May,2,Q2 2026,2026-04-27,18,7,0
20260504,2026-05-04,2026,5,May,2,Q2 2026,2026-05-04,19,1,1
20260505,2026-05-05,2026,5,May,2,Q2 2026,2026-05-04,19,2,0
20260506,2026-05-06,2026,5,May,2,Q2 2026,2026-05-04,19,3,0
20260507,2026-05-07,2026,5,May,2,Q2 2026,2026-05-04,19,4,0
20260508,2026-05-08,2026,5,May,2,Q2 2026,2026-05-04,19,5,0
20260509,2026-05-09,2026,5,May,2,Q2 2026,2026-05-04,19,6,0
20260510,2026-05-10,2026,5,May,2,Q2 2026,2026-05-04,19,7,0
20260511,2026-05-11,2026,5,May,2,Q2 2026,2026-05-11,20,1,1
20260512,2026-05-12,2026,5,May,2,Q2 2026,2026-05-11,20,2,0
20260513,2026-05-13,2026,5,May,2,Q2 2026,2026-05-11,20,3,0
20260514,2026-05-14,2026,5,May,2,Q2 2026,2026-05-11,20,4,0
20260515,2026-05-15,2026,5,May,2,Q2 2026,2026-05-11,20,5,0
20260516,2026-05-16,2026,5,May,2,Q2 2026,2026-05-11,20,6,0
20260517,2026-05-17,2026,5,May,2,Q2 2026,2026-05-11,20,7,0
20260518,2026-05-18,2026,5,May,2,Q2 2026,2026-05-18,21,1,1
20260519,2026-05-19,2026,5,May,2,Q2 2026,2026-05-18,21,2,0
20260520,2026-05-20,2026,5,May,2,Q2 2026,2026-05-18,21,3,0
20260521,2026-05-21,2026,5,May,2,Q2 2026,2026-05-18,21,4,0
20260522,2026-05-22,2026,5,May,2,Q2 2026,2026-05-18,21,5,0
20260523,2026-05-23,2026,5,May,2,Q2 2026,2026-05-18,21,6,0
20260524,2026-05-24,2026,5,May,2,Q2 2026,2026-05-18,21,7,0
20260525,2026-05-25,2026,5,May,2,Q2 2026,2026-05-25,22,1,1
